{"cameraMode":{"drawMode":0,"name":"Shaded","section":"Shading Mode"},"sceneLighting":true,"audioPlay":false,"sceneViewState":{"m_AlwaysRefresh":false,"showFog":true,"showSkybox":false,"showFlares":true,"showImageEffects":true,"showParticleSystems":true,"showVisualEffectGraphs":true,"m_FxEnabled":true},"in2DMode":false,"pivot":{"x":0.0265347957611084,"y":0.03714871406555176,"z":0.0012013912200927735},"rotation":{"x":-0.19194170832633973,"y":0.5245057940483093,"z":-0.12271643429994583,"w":-0.8204970359802246},"size":6.323276519775391,"orthographic":false}