{"cameraMode":{"drawMode":0,"name":"Shaded","section":"Shading Mode"},"sceneLighting":true,"audioPlay":false,"sceneViewState":{"m_AlwaysRefresh":false,"showFog":true,"showSkybox":true,"showFlares":true,"showImageEffects":true,"showParticleSystems":true,"showVisualEffectGraphs":true,"m_FxEnabled":false},"in2DMode":false,"pivot":{"x":-0.47532686591148379,"y":2.462571382522583,"z":11.071593284606934},"rotation":{"x":0.26165494322776797,"y":-0.36466658115386965,"z":0.10755064338445664,"w":0.8871329426765442},"size":2.957597494125366,"orthographic":false}