{"cameraMode":{"drawMode":0,"name":"Shaded","section":"Shading Mode"},"sceneLighting":true,"audioPlay":false,"sceneViewState":{"m_AlwaysRefresh":false,"showFog":true,"showSkybox":true,"showFlares":true,"showImageEffects":true,"showParticleSystems":true,"showVisualEffectGraphs":true,"m_FxEnabled":true},"in2DMode":false,"pivot":{"x":-19.341306686401368,"y":-19.77060890197754,"z":27.857681274414064},"rotation":{"x":0.26351645588874819,"y":-0.30310937762260439,"z":0.08761998265981674,"w":0.9116049408912659},"size":38.747615814208987,"orthographic":false}