{"cameraMode":{"drawMode":0,"name":"Shaded","section":"Shading Mode"},"sceneLighting":true,"audioPlay":false,"sceneViewState":{"m_AlwaysRefresh":false,"showFog":true,"showSkybox":true,"showFlares":true,"showImageEffects":true,"showParticleSystems":true,"showVisualEffectGraphs":true,"m_FxEnabled":true},"in2DMode":false,"pivot":{"x":-0.33830946683883669,"y":1.088401198387146,"z":-7.880816459655762},"rotation":{"x":-0.18759529292583466,"y":0.054180461913347247,"z":-0.010386272333562374,"w":-0.9807217121124268},"size":1.5760064125061036,"orthographic":false}