{"cameraMode":{"drawMode":0,"name":"Shaded","section":"Shading Mode"},"sceneLighting":false,"audioPlay":false,"sceneViewState":{"m_AlwaysRefresh":false,"showFog":true,"showSkybox":false,"showFlares":true,"showImageEffects":true,"showParticleSystems":true,"showVisualEffectGraphs":true,"m_FxEnabled":true},"in2DMode":false,"pivot":{"x":-0.008999943733215332,"y":1.3842997550964356,"z":-3.1764938831329347},"rotation":{"x":-0.24729904532432557,"y":0.2379910945892334,"z":-0.06282266974449158,"w":-0.9371773600578308},"size":2.1267476081848146,"orthographic":false}